start,end,total
2777385.740831,2777426.268431,40.5276
2777428.093431,2777467.648731,39.5553
2777468.094231,2777503.485131,35.3909
2777504.029431,2777537.888431,33.859
