start,end,total
18213178.054418,18213210.072118,32.0177
18213212.022018,18213244.143118,32.1211
