start,end,total
9438740.503931,9439907.454831,1166.9509
9439907.634131,9441121.566431,1213.9323
9441121.649831,9442269.466131,1147.8163
9442269.549131,9443426.731731,1157.1826
