start,end,total
2739654.999531,2739686.903831,31.9043
2739688.670231,2739719.699831,31.0296
2739720.340131,2739751.446431,31.1063
2739753.162631,2739782.692031,29.5294
