start,end,total
10419961.842431,10420108.339731,146.4973
10420108.487431,10420256.253631,147.7662
10420256.330831,10420398.163331,141.8325
10420398.275031,10420538.785531,140.5105
